{"stats":{"minecraft:custom":{"minecraft:jump":24,"minecraft:time_since_rest":920,"minecraft:leave_game":1,"minecraft:sprint_one_cm":2276,"minecraft:play_time":920,"minecraft:damage_taken":20,"minecraft:time_since_death":920,"minecraft:walk_one_cm":338,"minecraft:total_world_time":920,"minecraft:drop":2,"minecraft:fall_one_cm":693,"minecraft:fly_one_cm":7273},"minecraft:dropped":{"minecraft:wheat_seeds":2},"minecraft:picked_up":{"minecraft:wheat_seeds":2},"minecraft:mined":{"minecraft:tall_grass":1,"minecraft:grass":13}},"DataVersion":3120}