{"stats":{"minecraft:dropped":{"minecraft:wheat_seeds":2},"minecraft:picked_up":{"minecraft:arrow":1,"minecraft:wheat_seeds":2,"minecraft:string":2},"minecraft:killed_by":{"minecraft:skeleton":1,"minecraft:zombie":1},"minecraft:mined":{"minecraft:grass":16,"minecraft:tall_grass":1},"minecraft:used":{"tombstone:gift":2,"evilcraft:flesh_humanoid":1},"minecraft:custom":{"minecraft:time_since_rest":138,"minecraft:crouch_one_cm":47,"minecraft:sprint_one_cm":10903,"minecraft:play_time":6088,"minecraft:walk_one_cm":3817,"minecraft:damage_taken":610,"minecraft:deaths":2,"minecraft:sneak_time":21,"tombstone:sneak_grave":1,"minecraft:mob_kills":1,"minecraft:drop":2,"minecraft:jump":87,"minecraft:damage_dealt":100,"minecraft:leave_game":2,"minecraft:time_since_death":617,"minecraft:total_world_time":6088,"minecraft:fall_one_cm":2073,"minecraft:fly_one_cm":20167}},"DataVersion":3120}